"label (0 = FM-, 1= FM+)",mean,median,min,max
0,63.49206349206349,69.04761904761904,23.809523809523807,95.23809523809523
1,67.46031746031746,66.66666666666666,52.38095238095239,85.71428571428571
