Motor Pattern,mean,median,min,max
FM+,67.46031746031747,66.66666666666666,16.666666666666664,100.0
FM-,63.49206349206349,66.66666666666666,16.666666666666664,83.33333333333334
